"DESCRIPTION","DURATION IN MS","NAME","PARENT SUITE","START TIME","STATUS","STOP TIME","SUB SUITE","SUITE","TEST CLASS","TEST METHOD"
"","13196","a detection cues to preview without touching the audience screen","e2e","2026-10-05","passed","2026-10-05","","05-detect.spec.ts","",""
"","13355","scripture quoted aloud is matched back to its reference","e2e","2026-10-05","passed","2026-10-05","","05-detect.spec.ts","",""
"","15453","book-name autocomplete offers completions for a partial name","e2e","2026-10-05","passed","2026-10-05","","02-bible.spec.ts","",""
"","14061","an abbreviated reference resolves to the full book","e2e","2026-10-05","passed","2026-10-05","","02-bible.spec.ts","",""
"","12457","a file whose name has spaces, # and & still loads","e2e","2026-10-05","passed","2026-10-05","media","09-media-theme.spec.ts","",""
"","38290","a model loads and reports which backend it ran on","speech","2026-10-05","passed","2026-10-05","@slow speech recognition","12-speech.spec.ts","",""
"","13869","the program advances and steps back independently of preview","e2e","2026-10-05","passed","2026-10-05","","03-live.spec.ts","",""
"","13819","an OpenLyrics file imports","e2e","2026-10-05","passed","2026-10-05","","04-songs.spec.ts","",""
"","13637","monitors are enumerated","e2e","2026-10-05","passed","2026-10-05","screens","10-study-displays.spec.ts","",""
"","13466","the ONNX runtime is served from the app, not a CDN","speech","2026-10-05","passed","2026-10-05","@slow speech recognition","12-speech.spec.ts","",""
"","13111","a diagnosis of the online connector never echoes the key","e2e","2026-10-05","passed","2026-10-05","","11-settings.spec.ts","",""
"","12482","an imported deck stages to preview","e2e","2026-10-05","passed","2026-10-05","","08-presentations.spec.ts","",""
"","13356","panel titles match the rail","e2e","2026-10-05","passed","2026-10-05","","01-boot.spec.ts","",""
"","15440","the panel never claims to be listening when it cannot transcribe","speech","2026-10-05","passed","2026-10-05","@slow speech recognition","12-speech.spec.ts","",""
"","12703","is off by default","e2e","2026-10-05","passed","2026-10-05","OBS output server","10-study-displays.spec.ts","",""
"","12742","serves the audience page on loopback when started","e2e","2026-10-05","passed","2026-10-05","OBS output server","10-study-displays.spec.ts","",""
"","14247","a theme edit is visible on the audience window immediately","e2e","2026-10-05","passed","2026-10-05","theme","09-media-theme.spec.ts","",""
"","12289","an image imports and is copied into the app","e2e","2026-10-05","passed","2026-10-05","media","09-media-theme.spec.ts","",""
"","11838","a Strong's entry is looked up by code","e2e","2026-10-05","passed","2026-10-05","study","10-study-displays.spec.ts","",""
"","11343","importing a translation module from a file is offered","e2e","2026-10-05","passed","2026-10-05","","11-settings.spec.ts","",""
"","13071","stepping the preview never touches the audience screen","e2e","2026-10-05","passed","2026-10-05","","03-live.spec.ts","",""
"","13696","the seeded translations are installed and searchable","e2e","2026-10-05","passed","2026-10-05","","01-boot.spec.ts","",""
"","12619","a compound number is read correctly","e2e","2026-10-05","passed","2026-10-05","","05-detect.spec.ts","",""
"","13969","clear takes the audience off content without dropping the deck","e2e","2026-10-05","passed","2026-10-05","","03-live.spec.ts","",""
"","12465","auto-take is off by default","e2e","2026-10-05","passed","2026-10-05","","05-detect.spec.ts","",""
"","12548","a phrase search ranks matching verses","e2e","2026-10-05","passed","2026-10-05","","02-bible.spec.ts","",""
"","12022","settings persist across a restart of the console","e2e","2026-10-05","passed","2026-10-05","","11-settings.spec.ts","",""
"","13342","a .pptx imports with every slide","e2e","2026-10-05","passed","2026-10-05","","08-presentations.spec.ts","",""
"","12435","a cue phrase raises confidence over a bare mention","e2e","2026-10-05","passed","2026-10-05","","05-detect.spec.ts","",""
"","12301","a plan is saved as a reusable template","e2e","2026-10-05","passed","2026-10-05","","06-plan.spec.ts","",""
"","12919","a detection takes straight to the audience screen","e2e","2026-10-05","passed","2026-10-05","","05-detect.spec.ts","",""
"","12264","a sermon is created and opens its outline","e2e","2026-10-05","passed","2026-10-05","","07-notes.spec.ts","",""
"","13815","a reference lookup renders the passage","e2e","2026-10-05","passed","2026-10-05","","02-bible.spec.ts","",""
"","11966","an empty state offers to create a plan","e2e","2026-10-05","passed","2026-10-05","","06-plan.spec.ts","",""
"","13077","topical search returns verses for a theme","e2e","2026-10-05","passed","2026-10-05","study","10-study-displays.spec.ts","",""
"","21315","the audience window goes dark on blackout","e2e","2026-10-05","passed","2026-10-05","","03-live.spec.ts","",""
"","12268","ordinary speech does not produce a cue","e2e","2026-10-05","passed","2026-10-05","","05-detect.spec.ts","",""
"","12189","the panel starts idle rather than pretending to listen","e2e","2026-10-05","passed","2026-10-05","","05-detect.spec.ts","",""
"","15944","every panel opens without throwing","e2e","2026-10-05","passed","2026-10-05","","01-boot.spec.ts","",""
"","16046","search narrows the library by title and by lyric","e2e","2026-10-05","passed","2026-10-05","","04-songs.spec.ts","",""
"","12905","a verse range spoken aloud is captured","e2e","2026-10-05","passed","2026-10-05","","05-detect.spec.ts","",""
"","13446","a plan item stages to preview from the cue list","e2e","2026-10-05","passed","2026-10-05","","06-plan.spec.ts","",""
"","12513","taking a point puts that point on the audience screen","e2e","2026-10-05","passed","2026-10-05","","07-notes.spec.ts","",""
"","12911","the audience window renders exactly what was taken","e2e","2026-10-05","passed","2026-10-05","","03-live.spec.ts","",""
"","13348","a misheard book name is recovered phonetically","e2e","2026-10-05","passed","2026-10-05","","05-detect.spec.ts","",""
"","12656","a new plan is created and named","e2e","2026-10-05","passed","2026-10-05","","06-plan.spec.ts","",""
"","13305","refuses to serve files outside the folders it owns","e2e","2026-10-05","passed","2026-10-05","OBS output server","10-study-displays.spec.ts","",""
"","12079","the default theme is active and named","e2e","2026-10-05","passed","2026-10-05","theme","09-media-theme.spec.ts","",""
"","12314","settings reset to defaults","e2e","2026-10-05","passed","2026-10-05","","11-settings.spec.ts","",""
"","14179","switching translation re-renders the same passage","e2e","2026-10-05","passed","2026-10-05","","02-bible.spec.ts","",""
"","12295","a plain-text song imports with its sections detected","e2e","2026-10-05","passed","2026-10-05","","04-songs.spec.ts","",""
"","14637","take promotes preview to program and leaves preview intact","e2e","2026-10-05","passed","2026-10-05","","03-live.spec.ts","",""
"","13135","the whole outline previews from the start","e2e","2026-10-05","passed","2026-10-05","","07-notes.spec.ts","",""
"","13493","picking a theme lists verses, and one stages to preview","e2e","2026-10-05","passed","2026-10-05","study","10-study-displays.spec.ts","",""
"","11515","an empty library explains what media is for","e2e","2026-10-05","passed","2026-10-05","media","09-media-theme.spec.ts","",""
"","12891","a spoken reference with number words is detected","e2e","2026-10-05","passed","2026-10-05","","05-detect.spec.ts","",""
"","12656","the topic list is offered to the operator","e2e","2026-10-05","passed","2026-10-05","study","10-study-displays.spec.ts","",""
"","11947","the installed translations are listed","e2e","2026-10-05","passed","2026-10-05","","11-settings.spec.ts","",""
"","12992","a misspelled book is corrected rather than rejected","e2e","2026-10-05","passed","2026-10-05","","02-bible.spec.ts","",""
"","20478","the stage monitor shows the live content","e2e","2026-10-05","passed","2026-10-05","","03-live.spec.ts","",""
"","11833","a file that is not a deck is refused with a clear reason","e2e","2026-10-05","passed","2026-10-05","","08-presentations.spec.ts","",""
"","11809","slide text and speaker notes survive the import","e2e","2026-10-05","passed","2026-10-05","","08-presentations.spec.ts","",""
"","12268","an API.Bible key is stored in the user profile and never handed back","e2e","2026-10-05","passed","2026-10-05","","11-settings.spec.ts","",""
"","12943","a plan saves to a .bpsx file and opens again with its items","e2e","2026-10-05","passed","2026-10-05","","06-plan.spec.ts","",""
"","14647","Enter stages the passage into preview without touching the program","e2e","2026-10-05","passed","2026-10-05","","02-bible.spec.ts","",""
"","12345","a deck is renamed and removed","e2e","2026-10-05","passed","2026-10-05","","08-presentations.spec.ts","",""
"","15341","a search with no matches says so","e2e","2026-10-05","passed","2026-10-05","","04-songs.spec.ts","",""
"","15147","Space takes the preview live","e2e","2026-10-05","passed","2026-10-05","","03-live.spec.ts","",""
"","13548","pasted song text is split into labelled stanzas","e2e","2026-10-05","passed","2026-10-05","","04-songs.spec.ts","",""
"","13740","scripture, songs and headings are added as cue items","e2e","2026-10-05","passed","2026-10-05","","06-plan.spec.ts","",""
"","14006","switching tabs reaches the other study tools","e2e","2026-10-05","passed","2026-10-05","study","10-study-displays.spec.ts","",""
"","11689","pushes live changes to a connected client","e2e","2026-10-05","passed","2026-10-05","OBS output server","10-study-displays.spec.ts","",""
"","14318","a song is removed from the library","e2e","2026-10-05","passed","2026-10-05","","04-songs.spec.ts","",""
"","11803","the live transport starts empty","e2e","2026-10-05","passed","2026-10-05","","01-boot.spec.ts","",""
"","15472","the preload bridge is exposed with the expected surface","e2e","2026-10-05","passed","2026-10-05","","01-boot.spec.ts","",""
"","13792","a passage outline is built with movements and cross-references","e2e","2026-10-05","passed","2026-10-05","study","10-study-displays.spec.ts","",""
"","15089","the console window opens and finishes booting","e2e","2026-10-05","passed","2026-10-05","","01-boot.spec.ts","",""
"","12855","an ordinal book name is understood","e2e","2026-10-05","passed","2026-10-05","","05-detect.spec.ts","",""
"","12847","a saved plan is offered in the recent list","e2e","2026-10-05","passed","2026-10-05","","06-plan.spec.ts","",""
"","12978","inspecting a deck reports what it holds before importing","e2e","2026-10-05","passed","2026-10-05","","08-presentations.spec.ts","",""
"","13523","transposition offers a new performance key","e2e","2026-10-05","passed","2026-10-05","","04-songs.spec.ts","",""
"","13521","a ChordPro file imports with its metadata and chords","e2e","2026-10-05","passed","2026-10-05","","04-songs.spec.ts","",""
"","12687","an empty state offers to start an outline","e2e","2026-10-05","passed","2026-10-05","","07-notes.spec.ts","",""
"","15168","a song stages into preview and then takes live","e2e","2026-10-05","passed","2026-10-05","","04-songs.spec.ts","",""
"","12727","cancelling the import dialog changes nothing","e2e","2026-10-05","passed","2026-10-05","","04-songs.spec.ts","",""
"","12426","a theme change reaches the live state with no apply step","e2e","2026-10-05","passed","2026-10-05","theme","09-media-theme.spec.ts","",""
"","12447","licensed translations stay off until a key is supplied","e2e","2026-10-05","passed","2026-10-05","","11-settings.spec.ts","",""
"","12937","points are added and listed in order","e2e","2026-10-05","passed","2026-10-05","","07-notes.spec.ts","",""
"","14255","the audience display opens and closes from the panel","e2e","2026-10-05","passed","2026-10-05","screens","10-study-displays.spec.ts","",""
"","13779","preview and program stay independent while staging a second passage","e2e","2026-10-05","passed","2026-10-05","","03-live.spec.ts","",""
"","12156","blackout hides output and restore brings it back","e2e","2026-10-05","passed","2026-10-05","","03-live.spec.ts","",""
"","12382","a sermon is deleted","e2e","2026-10-05","passed","2026-10-05","","07-notes.spec.ts","",""
"","12301","a verse that does not exist is refused with a usable reason","e2e","2026-10-05","passed","2026-10-05","","02-bible.spec.ts","",""
"","12763","media stages as its own deck","e2e","2026-10-05","passed","2026-10-05","media","09-media-theme.spec.ts","",""
"","12548","the catalogue offers public-domain translations only","e2e","2026-10-05","passed","2026-10-05","","11-settings.spec.ts","",""
"","13261","a verse range returns exactly the verses asked for","e2e","2026-10-05","passed","2026-10-05","","02-bible.spec.ts","",""
"","12472","raising sensitivity suppresses a weak detection","e2e","2026-10-05","passed","2026-10-05","","05-detect.spec.ts","",""
"","12227","an empty library explains how to fill it","e2e","2026-10-05","passed","2026-10-05","","04-songs.spec.ts","",""
"","15695","a partial book name still resolves when submitted","e2e","2026-10-05","passed","2026-10-05","","02-bible.spec.ts","",""
